Hvul	MLOC_33483.1	RRRPRVPRCRGKPRAAVFLPSLALFRRTTALLSLSFFRRSFLPGLKQAADLVLQVLELAGNAAKDNKKTRIVPRHLLLAIRNDQELGRLLSGVTIAHGGVIPNINPVLLPKKSAEKAEKTEKAGAAAKSPKKAAKSPKKAPKKATKA
Hvul	MLOC_65183.1	MDASTAGAVSKAKKYVVGRKLGGGPRKKAVARSVKAGLQFPVSRIARFLKKGRYAQRVGMGAPVYLASVLEYLAAELLELAGNAAKDNKKSRIIPRHLLLAVRNDEELGKLLAGVTIAHGGVLPNINTVLLPKKTAEKEPKSPKKAAKSPKKA
Zmay	GRMZM2G109448_P01	MDASGAGSKAKKGAAGRKAGGPRKKSVSRSVKAGLQFPVGRIGRYLKKGRYAQRVGTGAPVYLAAVLEYLAAEVLELAGNAAKDNKKTRIVPRHVLLAIRNDVELGKLLAGVTIAHGGVLPNINPVLLPKKVAEKASSGGSKESKSPKKAAKSPKKAAKSPKKA
Taes	Traes_1AL_529A94293.2	METGAKAPKKAGRRAGGGGPKKKSVSRSVKAGLQFPVGRIGRYLKHGRYAKRVGSGAPVYLAAVLEYLAAELLELAGNAARDNKKNRIIPRHVLLAIRNDEELGKLLAGVTIAYGGVLPNINPVLLPKKAAAAATKEPKAGTTKSPRKSPAKKAADA
Oniv	ONIVA05G20230.1	MEVGAKVPKKAGAGGRRGGAGPKKKPVSRSVKAGLQFPVGRIGRYLKQGRYSQRIGTGAPVYLAAVLEYLAAEVLELAGNAARDNKKNRIIPRHVLLAIRNDEELGKLLAGVTIAHGGVLPNINPVLLPKKTGSAAAKEAKEGKTPKSPKKATTKSPKKAAAA
Macu	GSMUA_Achr3P17690_001	MDGGGSKVKKGAAGRRGGGPKKKPVSRSVKAGLQFPVGRIGRFLKKGRYAQRVGAGAPVYLAAVLEYLAAEVLELAGNAARDNKKNRIIPRHVLLAIRNDEELGKLLAGVTIAHGGVLPNINPVLLPKKTDKGGKEPKSPSKATKSPKKD
Tura	TRIUR3_14372-P1	MLPRIIPPARHAPLRSNGGRSTSRGSLPPPATLPPPIKAAPSPPSRSTNSEHPDPAQPPQTPHFESPRRRRSSSKQDGRKEGRRQEEGGDPLREGRAPVPGRYAQRVGSGAPVYLAAVLEYLAAEVLELAGNAAKDNKKTRIIPRHLLLAVRNDQELGRLLAGVTIAHGGVIPNINSVLLPKKSPAAAEKEAKSPKKKTSAKSPKKKVAAKE
Taes	Traes_6BS_8DA290AC9.1	MAGRKGGDRKKAVTRSVKAGLQFPVGRIGRYLKKGRYAQRVGSGAPVYLAAVLEYLAAEVLELAGNAAKDNKKTRIIPRHLLLAVRNDQELGRLLXXRDPQHQLRAAPKEVPRRRREGGQVAQEEDHRQVPQEEGRRHQGVAAPIAYAR
Taes	Traes_6DS_536814F70.2	FRSSTAAANTTASRRRRGSKQDGRKEGWRQEEGGDQVRQGWAPVPRRPHRALPQEGPLRPAGRLRRPRLPRRRPRVPRRRGVLELAGNAAKDNKKTRIIPRHLLLAVRNDQELGXLLAGVTIAHGGVIPNINXVLLPKKSPAAAEKEAKSPKKKTSTKSPKKKVAAKE
Oind	BGIOSGA010990-PA	MDAAGAGAGGKLKKGAAGRKAGGPRKKAVSRSVKAGLQFPVGRIGRYLKKGRYAQRIGTGAPVYLAAVLEYLAAEVLELAGNAARDNKKNRIIPRHVLLAIRNDEELGKLLAGVTIAHGGVLPNINPVLLPKKTAEKAAAAGKEAKSPKKAAGKSPKKA
Taes	Traes_6AS_F489CFAC9.1	MDASATVATGKGKKGAAGRKAGGPRKKSVSRSVKAGLQFPVSRIGRFLKKGRYAQRVGSGAPVYLAAVLEYLAAELLELAGNAAKDNKKSRIIPRHLLLAIRNDEELGKLLAGITIAHGGVIPNINPVLLPKKTAEKSPKEPKSPKKTAKSPKKNCYHPCALNYVHPG
Sita	Si023519m	MDGGAAKVKKAAVGRKLGGPKKKPVSRSVKAGLQFPVGRIGRYLKKGRYAQRVGSGAPVYLAAVLEYLAAEVLELAGNAARDNKKNRIIPRHVLLAIRNDEELGRLLAGVTIAHGGVLPNINPVLLPKKAAERAEKAEKAAKSPKKAATKSPKK
Pper	EMJ07276	MDTGVKFKKGAGGRRAGGPKKKPVSRSVKAGLQFPVGRIGRYLKNGRYSKRIGTGAPVYLAAVLEYLAAEVLELAGNAARDNKKNRIIPRHVLLAVRNDEELGKLLAGVTIAHGGVLPNINPVLLPKKPERVAKKEPKSPAKGTATKSPKKA
Mtru	AES88831	MDKKGAGGRKGGEPRKKSVTRSIRAGLQFPVGRIGRYLKKGRYAQRVGTGAPVYLAAVLEYLAAEVLELAGNAARDNKKNRIIPRHVLLAVRNDEELGKLLNGVTIAHGGVFPNINPILLPKKTEKAVSKEPKSPKKAGKSPKKA
Taes	Traes_7AL_0B358E4B4.2	AAGRKAGGPRKKSVTRSVKAGLQXXXXXXXXKNGRYAKRVGTGAPVYLAAVLEYLAAELLELAGNAAKDNKKSRIVPRHLLLAVRNDQELGRLLAGVTIAHGGVLPNINPVLLPKKTAEKEPKSPKKAAKSPKKADKKICVENVRNLSDLRKLFVLLHFWRCNV
Atau	EMT03189	MAGRKGGERKKAVTRSVKAGLQFPVGRIGRYLKKGRYAQRVGSGPPVSPPPVLEYLAAEVLELAGNAAKDNKKTRIIPRHLLLAVRNDQELGRLLAGVTIAHGGVIPNINSVLLPKKAAGAAEKESTKSPKKKAATKSPKKKTAATKE
Opun	OPUNC05G17010.1	MEVGAKVPKKAGAGGRRGGGGPKKKPVSRSVKAGLQFPVGRIGRYLKQGRYSQRIGTGAPVYLAAVLEYLAAEVLELAGNAARDNKKNRIIPRHVLLAIRNDEELGKLLAGVTIAHGGVLPNINPVLLPKKTGSAAAKEPKEGKTPKSPKKATTKSPKKAAAA
Taes	Traes_1AS_E774FAB9E.1	MDGSKAKKVAAKKFGGPRKKSVTKSIKAGLQFPVGRIGRYLKKGRYAQRVGSGAPVYLAAVLEYLAAEVLELAGNAAKDNKKTRIVPRHLLLAIRNDQELGRLLSGVTIAHGGVIPNINPVLLPKKAAEKAEKAGTAAKSPKKATKSPKKATKA
Taes	Traes_5DL_B5491B1D9.2	MDASAAGAVAKAKKYVVGRKLGGGPRKKAVARSVKAGLQFPVGRIGRFLKKGRYAQRVGMGAPVYLASVLEYLAAELLELAGNAAKDNKKSRIIPRHLLLAIRNDQELGKLLAGVTIAHGGVLPNINPVLLPKKTAEKEPKSPKKAAKSPKKLRKKSSDICACRVLPNANVSPM
Oglu	OGLUM01G19750.1	MDAAGAGAGGKLKKGAAGRKAGGPRKKAVSRSVKAGLQFPVGRIGRYLKKGRYAQRIGTGAPVYLAAILEYLTAEVLELAGNAARDNKKNRIIPRHVLLAIRNDEELGKLLAGVTIAHGGVLPNINPVLLPKKTAEKAAAAGKEAKSPKKAAGKSPKKA
Taes	Traes_5BL_B27792F88.1	MDATATGAKGKKGAAGRKAGGPRKKSVTRSVKAGLQFPVGRIGRYLKKGRYAQRVGTGAPVYLAAVLEYLAAELLELAGNAAKDNKKSRIIPRHLLLAVRNDEELGKLLAGVTIAHGGVIPNINPVLLPKKTAEKEGKAPKSPKKAAKSPKKAATPKKA
Tura	TRIUR3_03198-P1	MDGSKAKKVAAKKFGGPRKKSVTKSIKAGLQFAVGDLAAVLEYLAAEVLELAGNAAKDNKKTRIVPRHLLLAIRNDQELGRLLSGVTIAHGGVIPNINPVLLPKKAAEKAEKAGTAAKSPKKATKSPKKATKA
Taes	Traes_5BL_19128EEFA.1	GRLRRRRRLQGEEVRGGAQARRRPQEEGGGAVRQGRAAVPRRPHRAQRVGMGAPVYLASVLEYLAAELLELAGNAAKDNKKSRIIPRHLLLAIRNDQELG
Hvul	MLOC_55495.1	MAGWKGQRKKAVTRSVKAGLQFPVGRIGRYLKQGRYAQRIGSGAPVYLAAVLEYLAAEVLELAGNAAKDNKKTRIIPRHLLLAIRNDEEIGKLLTGVTIAHGGVLPNINPVLLPKKTAEKANKESKSTKKKKKAAAESPEKAAEDTATATEETAAADEE
Zmay	GRMZM2G305046_P02	MDSTGTGAGGKGKKGAAGRKVGGPRKKSVSRSVKAGLQFPVGRIGRYLKKGRYAQRVGTGAPVYLAAVLEYLAAEVLQFEPSSLFVLIWRRSINSCVPIRFASLFDQVLELAGNAARDNKKTRIIPRHVLLAIRNDEELGKLLGGVTIAHGGVLPNINPVLLPKKTAEKASSVGSKEAKSPKKAAKSPKKA
Taes	Traes_1BL_CD551493D.2	QSKAKKNPEEIDREKRGRKSRAKEERSFGARDRRWRPERRRRRRPARPGAGPAAARRRRPSRAPSRPASSSPWAASGATSSTGATPSASXXXXXXXXLEYLAAELLELAGNAARDNKKNRIIPRHVLLAIRNDEELGKLLAGVTIAYGGVLPNINPVLLPKKAAAAAAKEPKAGTTKSPRKSPAKKAADA
Sbic	Sb02g004970.1	MDVSGAGSGGKAKKGAGGRKTGGGPRKKSVTRSVKAGLQFPVGRIGRYLKKGRYAQRVGTGAPVYLAAVLEYLAAEVLELAGNAARDNKKTRIIPRHVLLAIRNDEELGKLLAGVTIAHGGVLPNIHSVLLPKKVAEKAAAAAKEPKSPKKAAKSPKKA
Atau	EMT24733	MAGRKGGDRKKSVTRSVKAGLQFPVGRIGRYLKKGRYAQRVGSGAPVYLAAVLEYLAAEVLELAGNAAKDNKKTRIIPRHLLLAVRNDQELGRLLAGVTIAHGGVIPNTNPVLPPKKSPAAAEKEAKSPKKKTTTKSPKKKVATKE
Hvul	MLOC_81367.2	AVLEYLAAEVLELAGNAAKDNKKTRIVPRHLLLAIRNDQELGRLLAGVTIAHGGVIPNINPVLLPKKSAEKAEKAGAAAKSPKKPAKSPKKAAKA
Sbic	Sb01g039240.1	MDSTAAGAGGKAKKGAAGRKAGGPRKKSVSRSVKAGLQFPVGRIGRYLKKGRYAQRVGTGAPVYLAAVLEYLAAEVLELAGNAARDNKKTRIIPRHVLLAIRNDEELGKLLSGVTIAHGGVLPNINPVLLPKKTAEKASTGGSKEAKSPKKAAKSPKKA
Vvin	VIT_06s0004g04270.t01	MESTGKVKKGAGGRKGGGPKKKPVSRSVKAGLQFPVGRIGRYLKKGRYSQRVGTGAPVYLAAVLEYLAAEVLELAGNAARDNKKNRIIPRHVLLAVRNDEELGKLLSGVTIAHGGVLPNINPVLLPKKTDKATKEPKSPSKATKSPKKA
Atau	EMT10820	MDASPTGAVSKAKKYVVGRKLGGGPRKKAVARSVKAGLQFPVGRIGRFLKKGRYAQRVGMGAPVYLASVLEYLAAELLELAGNAAKDNKKARIIPRHLVLAIRNDQELGRLLAGVTIAHGGVLPNINPVLLPKKTAEKAPKSPKKAAKSPKKA
Slyc	Solyc11g073260.1.1	MESTGKMKKGAAGRRGGGPKKKPVSRSVKAGLQFPVGRIGRFLKKGRYAQRVGSGAPVYLAAVLEYLAAEVLELAGNAARDNKKNRIIPRHLLLAVRNDEELGKLLAGVTIAHGGVLPNINPILLPKKTGGEKAPKSPKKA
Oniv	ONIVA01G18620.1	MDAAGAGAGGKLKKGAAGRKAGGPRKKAVSRSVKAGLQFPVGRIGRYLKKGRYAQRIGTGAPVYLAAVLEYLAAEVLELAGNAARDNKKNRIIPRHVLLAIRNDEELGKLLAGVTIAHGGVLPNINPVLLPKKTAEKAAAAGKEAKSPKKAAGKSPKKA
Atau	EMT22427	MSAVSSPSPADLRKQEEEEEEVKKRIRRALWNIGTSWPLKAGIKFPISRVGRYLRQGRYAPRVAALAPVFLAAVLEYLVAEILEMAGNAAKANKKKLITPRHLLLAIRNDNEFRLLAGVTIAQAGVVSYINPVLLPKNNKTAHKAGKFKSSTS
Vvin	VIT_00s0194g00360.t01	MGPEVKGKQSMVEAAEKVKKGAGGRKGSGPKKKPVSCPVKAVYLAAVLEYLAAEVLELAGNAAWDNRKHRIIPRHVLLAVRNDEELGKLLAGVTIAHGGVLPNINPVLLPKKIDKTAKEPKSPSKATNSPRKA
Tura	TRIUR3_05812-P1	MAGRKGGDRKKAVTRSVKAGLQFPVGRIGRYLKKGRYAQRVGSGAPVYLAAVLEYLAAEVLELAGNAAKDNKKTRIIPRHLLLAVPNINSVLLPKKSPAAAEKEAKSPKKKTSTKSPKKKVAAKE
Taes	Traes_7DL_374E11131.2	PRKKSVTRSVKAGLQFPVGRIGRYLKNGRYAKRVGTGAPVYLAAVLEYLAAELLELAGNAAKDNKKSRIVPRHLLLAVRNDQELGRLLAGVTIAHGGVLPNINPVLLPKRMAEKEPKEGKSPKKTAKSPKKADKKCCGKMQISLNLSTF
Atau	EMT16548	MAGRKGGDRKKAVTRSVKAGLQFPVGRIGRYLKKGRYAQRVGSGAPVYLAAVLEYLAAEVLELAGNAAKDNKKTRIIPRHLLLAVRNDQELGRLLAGVTIAHGGVIPNINSVLLPKKSAAAEKEAKSPKKKAATKSPKKKAAATKE
Opun	OPUNC03G12170.1	MAPRIACLAGVDCKESTCLARLAMEAAGAGAGGKMKKGAGGRKAGGPRKKSVTRSVKAGLQFPVGRIGRYLKKGRYAQRIGTGAPVYLAAVLEYLAAEVLELAGNAARDNKKNRIIPRHVLLAIRNDEELGKLLAGVTIAHGGVLPNINPVLLPKKTVEKAAAKEAKSPKKAAGKSPKKA
Taes	Traes_7AL_E26BF5CB1.1	MAAVSSPSPANLRRKEEEEEEVKRRIRCALWNIGTSWPLKAGIKFPISRVGRYLRQGRYARRVAALAPVFLAAVLEYLVAEVLEMAGNAAKDNKKKLITPRHLLLAIRNDNEFSRLLAGVTIAQAGVVPYINPVLLPKNNKTAHKAGKFKSSKTPS
Taes	Traes_7DL_7475BCD31.1	MAGWKGQRKKAVTRSVKAGLQFPVGRIGRYLKQGRYAQRIGSGAPVYLAAVLEYLAAEVLELAGNAAVDNKKTRIIPRHLLLAIRNDEEIGKLLAGVTIAHGGVLPNINPVLLPKKTAEKADKETKSTKTTKKKKATAKSPKKAAEETTATEETATA
Taes	Traes_5DL_A163E89E9.1	MAGRKGGDRKKAVTRSVKAGLQFPVGRIGRYLKKGRYAQRVGSGAPVYLAAVLEYLAAEVLELAGNAAKDNKKTRIIPRHLLLAVRNDQELGRLLAGVTIAHGGVIPNINSVLLPKKSAAAEKEAKSPKKKAATKSPKKKAAATKE
Omer	OMERI01G14920.1	MDAAGAGAGGKQKKGAAGRKAGGPRKKAVSRSVKAGLQFPVGRIGRYLKKGRYAQRIGTGAPVYLAAEVLELAGNAARDSKKNRIIPRHVLLAIRNDEELGKLLAGVTFAHGGVLPNINPVLLPKKTAEKAAGGGKEAKSPKKAAGKSPKKA
Stub	PGSC0003DMT400040216	MESTGKVKKGAAGRRGGGPKKKPVSRSVKAGLQFPVGRIGRFLKKGRYAQRVGSGAPVYLAAVLEYLAAEVLELAGNAARDNKKNRIIPRHLLLAVRNDEELGKLLAGVTIAHGGVLPNINPILLPKKTGGEKAPKSPSKATKSPKKA
Atau	EMT12804	MDASKLKKVAGKKFGGPRKKSVTRSVKAGLQFPVGRIGRFLKKGRYAQRVGSGAPVSLAAVLELAGNAAKDNKKTRIVPRHLLLAIRNDQELGRLLSGVTIAHGGVIPNINPVLLPKKTAEKAEKTAAKSPKKATKSPKKATKA
Mtru	AES88833	MLQERKTNSKKGIYAQRVGTGAPVYLAAVLEYLAAEVLELAGNAARDNKKNRIIPRHLLFAVMNDEELGKLLVGVTIAHGGILLTKKAEKAASAKEPKSTQKSWKVSKEGKLWMLIAVFQQQYPSTMYFGEF
Atau	EMT03043	MLRADPISEVLPFISSVDKNIDWMIGRHSVIFASLPSTRHPSDRPLPVVADRRARTIPFPRRLNTLPKPAFSSPNTLPPSQIPHRAKSQIPSSRHGRLRHRRRPQGEEVRGGAQAWRRPQEEGVARSVKAGLQFPVGRIGRFLKKGRYAQRVGMGAPAYLASPLSSPPPAWLSELAGSAAKDNKKARIIPRHLLLAIRNDQELGKLLAGITIAHGGVLPNINPLLLPKKTAEKEPKSPKKAAKSPKKA
Taes	Traes_6AS_96DADEE3D.1	MAGRKGGERKKAVTRSVKAGLQFPVGRIGRYLKKGRYAQRVGSGAPVYLAAVLEYLAAEVLELAGNAAKDNKKTRIIPRHLLLAVRNDQELGRLLAGVTIAHGGVIPNINSVLLPKKSPAAAEKESTKSPKKKTAAKSPKKKTAATKE
Taes	Traes_1AS_6AA4114A2.1	MDASKLKKVAGKKFGGPRKKSVTRSVKAGLQFPVGRIGRYLKKGRYAQRVGSGAPVYLAAVLEYLAAEVLELAGNAAKDNKKTRIVPRHLLLAIRNDQELGRLLSGVTIAHGGVIPNINPVLLPKKAAEKAEKAGTAAKSPKKATKSPKKATKA
Tura	TRIUR3_14374-P1	MAVLELAGNAAKDNKKTRIIPRHLLLAVRNDQELGRLLAGVTIAHGGVIPNINSVLLPKKSPAAAEKEAKSPKKKTSTKSPKKKVAAKE
Stub	PGSC0003DMT400023064	MEKKGAGGRKGGGPKKKSVTRSVKAGLQFPVGRIGRYLKKGRYSQRVGSGAPVYLAAVLEYLAAEVLELAGNAARDNKKNRIIPRHVLLAVRNDEELGKLLAGVTIAHGGVLPNINPILLPKKSDKVGKEPGKSPSKATKSPRKA
Taes	Traes_5BL_A3D471A6F1.1	NPLPPSQIPHRAQISPHLQPTSRNGRLRRRRRLQGEEVRGGAQARRRPQEEGGGAVRQGRAAVPRRPHRAQRVGMGAPVYLASVLEYLAAELLELAGNAAKDNKKSRIIPRHLLLAIRNDQELGKLLAGVTIAHGGVLPNINPVLLTKKTAEKEPKSPKKTAEKEPKSPKKTAEKEPKSPKKA
Taes	Traes_6DS_26310F0F6.2	MAGRKGGDRKKSVTRSVKAGLQFPVGRIGRYLKKGRYAQRVGSGAPVYLAAVLEYLAAEVLELAGNAAKDNKKTRIIPRHLLLAVRNDQELGRLLAGVTIAHGGVIPNINSVLLPKKSPAAAEKEAKSPKKKTTTKSPKKKVATKE
Taes	Traes_5DL_B16FE3C7F.1	MGAPVYLASVLEYLAAELLELAGNAAKDNKKSRIIPRHLLLAIRNDQELGKLLAGVTIAHGGVLPNINPLLLPKKTAEKEPKSPKKAPKSPKKFHICMVGCQFFESDKLSLVWLLEKCQKSLL
Oind	BGIOSGA023949-PA	MAMGFRSGPKKPVSRSVKAGLQFPVGHIGRYLKKGRYTQRVGIGAPIYLAAEASPIVYLFLYQSFQPSMVNRDLLMKVLELAGNMAWDNKKNRIIPRHVLLAIRNDDELGKLLAGVTIAHGGVLPNINPVLLPKEDHREIRQAGQVPQEAGAQKVTTFSLGYVLMLEQPTWIAMVTLMRV
Slyc	Solyc01g099410.2.1	MDATKTTKGAGGRKGGPRKKSVTKSIKAGLQFPVGRIGRYLKKGRYAQRVGSGAPIYLAAVLEYLAAEVLELAGNAARDNKKSRIIPRHVLLAVRNDEELGKLLAGVTIASGGVLPNINPVLLPKKSAVAEEKSPKAKAGKSPKKA
Taes	Traes_5BL_A3D471A6F.1	NPLPPSQIPHRAQISPHLQPTSRNGRLRRRRRLQGEEVRGGAQARRRPQEEGGGAVRQGRAAVPRRPHRAQRVGMGAPVYLASVLEYLAAELLELAGNAAKDNKKSRIIPRHLLLAIRNDQELGKLLAGVTIAHGGVLPNINPVLLTKKTAEKEPKSPKKTAEKEPKSPKKTAEKEPKSPKKA
Oglu	OGLUM05G20430.1	MEVGAKVPKKAGAGGRRGGGGPKKKPVSRSVKAGLQFPVGRIGRYLKQGRYSQRIGTGAPVYLAAVLEYLAAEVLELAGNAARDNKKNRIIPRHVLLAIRNDEELGKLLAGVTIAHGGVLPNINPVLLPKKTGSAAAKEAKEGKTPKSPKKATTKSPKKAAAA
Taes	Traes_6AS_390A9B9F4.2	MAGRKGGERKKAVTRSVKAGLQFPVGRIGRYLKKGRYAQRVGSGAPVYLAAVLEYLAAEVLELAGNAAKDNKKTRIIPRHLLLAVRNDQELGRLLAGVTIAHGGVIPNINSVLLPKKSPTAAEKEAKSPKKKAATKSPKKKTAATKE
Taes	Traes_6DS_6BD4CA5B2.2	AQRVGSGAPVYLAAVLEYLAAEVLELAGNAAKDNKKTRIVPRHLLLAVRNDQELGRLLAGVTIAHGGVI
Brap	Bra006688.1-P	METTGKVKKAFGGRKAGGPKTKSVSKSIKAGLQFPVGRITRFLKKGRYAQRLGGGAPVYMAAVLEYLAAEVLELAGNAARDNKKSRIIPRHLLLAIRNDEELGKLLSGVTIAHGGVLPNINSVLLPKKSAKSTEEVASKSPAKSPKKA
Osat	OS03T0279200-01	MDAAGAGAGGKLKKGAAGRKAGGPRKKAVSRSVKAGLQFPVGRIGRYLKKGRYAQRIGTGAPVYLAAVLEYLAAEVLELAGNAARDNKKNRIIPRHVLLAIRNDEELGKLLAGVTIAHGGVLPNINPVLLPKKTAEKAAAAGKEAKSPKKAAGKSPKKA
Bdis	BRADI1G66370.1	MDVSGTGAGKAKKGAAGRKAGGPRKKSVTRSVRAGLQFPVGRIGRYLKKGRYAQRVGTGAPVYMAAVLEYLAAEVLELAGNAARDNKKSRIIPRHVLLAVRNDDELGKLLAGVTIAHGGVLPKINPILLPKKTAEKAPKEPKSPKKAATPKKADAKSPKKA
Taes	Traes_4DL_507A8E1EF.2	MDVSGAAAKGKKGAAGRKAGGPRKKSVTRSVKAGLQFPVGRIGRYLKKGRYAPRVGTGAPVYLAAVLEYLAAELLELAGNAAKDNKKSRIIPRHLLLAVRNDEELGKLLAGVTIAHGGVIPKINPVLLPKKTAEKEGKEPKSPKKAAKSPKKATKQCPPGARSPL
Obar	OBART01G16960.1	MIRCDVFFGKSLISREISSSPQRSDRPSPLPRIDGPTTLPFPQPFKYATPPASSPSQSRIRRPKKRKKKEKQSSTPSSAAGTSLARLAMDAAGAGAGGKLKKGAAGRKAGGPRKKAVSRSVKAGLQFPVGRIGRYLKKGRYAQRIGTGAPVYLAAVLEYLAAEVLELAGNAARDNKKNRIIPRHVLLAIRNDEELGKLLAGVTIAHGGVLPNINPVLLPKKTAEKAAAAGKEAKSPKKAAGKSPKKA
Tura	TRIUR3_10044-P1	MGPEQGGFEFLKGNFSGIKGYDVGWMTKSRRGKIYIDDAGWDPEANSIEYGYRVPFSGIHVFIEKIGESEHEPNTCADVIETAQRARPARDQPSRKRVFVGFVHGADLEEGSVSGGETAIYSVRRRNKQASEMAGRKGGERKKAVTRSVKAGLQFPVGRIGRFLKKGRYAQRVGSGAPVYLAAVLEYLAAEVLELAGNAAKDNKKTRIVPRHLLLAVRNDQELGRLLAGVTIAHGGVIPNINPVLLPKKSAAAAEKEATKSPKKKTTAKSPKKMTAATKE
Taes	Traes_6AS_991B780D1.2	AGRKGGDRKKAVTRSVKAGLQFPVGRIGRYLKKGRYAQRVGSGAPVYLAAVLEYLAAEVLELAGNAAKDNKKTRIIPRHLLLAVRNDQELGRLLAGVTIAHGGVIPNINSRAAAQEVPRRGREGGQVAQEEDLHQVPQEEGRRQGVEFPIILILLFY
Hvul	MLOC_24886.1	MAGRKGGDRKKAVTRSVKAGLQFPVGRIGRYLKKGRYAQRVGSGAPVYLAAVLEYLAAELLELAGNAAKDNKKSRIIPRHLLLAVRNDQELGRLLAGVTIAHGGVIPNINSVLLPKKSPAAAEKEAKSPKKKTATKSPKKK
Obra	OB05G11010.1	MDSVVGGGKVKKAVGRKLGGPKKKAVSRSVKAGLQFPVGRIGRYLKKGRYAQRVGSGAPVYLAAVLEYLAAEVLELAGNAARDNKKNRIIPRHVLLAIRNDEELGKLLAGVTIAHGGVLPNINPVLLPKKTAEKSDKPAAKKDAAKSPKKPARS
Oniv	ONIVA05G01040.1	MDVGVGGKAAKKAVGRKLGGPKKKPVSRSVKAGLQFPVGRIGRYLKKGRYAQRVGTGAPVYLAAVLEYLAAEASHCLSLPLPNPSKPSMVLELAGNAARDNKKNRIIPRHVLLAIRNDEELGKLLAGVTIAHGGVLPNINPVLLPKKTAEKADKPAKASKDKAAKSPKKQARS
Zmay	GRMZM2G448458_P01	MDGGGAKAKKAAAGRKLGGGGPKKKPVSRSVKAGLQFPVGRIGRYLKKGRYAQRVGTGAPVFLAAVLEYLAAEVLELAGNAARDNKKTRIIPRHLLLAIRNDEELGKLLGGVTIAHGGVLPNINPVLLPKKAAERAEKAAAAGPKSPKKVAAKSPKK
Gmax	GLYMA13G40890.1	MDAGGKIKKGAGGRKGGGPKKKPVSRSVKAGLQFPVGRIGRYLKKGRYAQRVGTGAPVYLAAVLEYLAAEVLELAGNAARDNKKNRIIPRHVLLAVRNDEELGKLLAGVTIAHGGVLPNINPVLLPKKTQVAKEPKSPSKATKSPKKA
Pper	EMJ07281	METGGKVKKGAGGRKGGGPKKKPVTRSVKAGLQFPVGRIGRYLKKGRYAQRVGSGAPVYLAAVLEYLAAEVLELAGNAARDNKKNRIIPRHLLLAVRNDEELGKLLAGVTIAHGGVLPNINPVLLPKKSEKAAAKEPKSPSKATKSPKKA
Atri	ERN17007	MESGKAAKSVGGRKGGVKKKSVSKSVKAGLQFPVGRIARFLKKGRYAQRVGTGAPVYLAAVLEYLAAEVLELAGNAARDNKKNRIIPRHLLLAVRNDEELGKLLAGVTIASGGVLPNIHSVLLPKKTEKSGEPKSPKKTTAKSPKKL
Atau	EMT21051	MAGRKSGERKKAFPVGCIGRYVKKDRYTDRVGSGAPAHLAAVLEYLVAEMLELVGNAAKDNKKTCIMPPHLLLTTRNDEELSNLLDVSPSPTLACCLTSTLYCSPRRPTCTSISTSNRIQE
Tura	TRIUR3_08621-P1	MCEATPLFPTPREGHPVAGEAARRRWPEGKGGERKKAVTRSVKAGLQFPVGRIGRYLKKGRYAQRVGSGAPVYLAAVLEYLAAEVLELAGNAAKDNKKTRIIPRHLLLAVRNDQELGRLLAGVTIAHGGAIPNINSVLLPKKSPAAAEKESTKSPKKKTAAKSPKKKTAATKEVLNFSHSSYVPIKPQETESLLYDGGAKLDKEKLEDHKPEEHLAAMQTKTKLTSQMRTQTFRILSDKQKSNTTRILGILVTTQG
Hvul	MLOC_18705.1	AELLELAGNAAKDNKKSRIIPRHLLLAVRNDEELGKLLAGVTIAHGGVIPKINPVLLPKRTAEKEGKEPKSPKKATKSPKKATKA
Gmax	GLYMA15G04540.1	MDAGGKIKKGAGGRKGGGPKKKPVSRSVKAGLQFPVGRIGRYLKKGRYAQRVGTGAPVYLAAVLEYLAAEVLELAGNAARDNKKNRIIPRHVLLAVRNDEELGKLLAGVTIAHGGVLPNINPVLLPKKTERASKEPKSPSKATKSPKKA
Sita	Si003829m	FPEAQKRAAMDASGATGKVKKGAAGRKAGGPRKKSVSRSVKAGLQFPVGRIGRYLKKGRYAQRVGTGAPVYLAAVLEYLAAEVLELAGNAARDNKKTRIIPRHVLLAIRNDEELGKLLAGVTIAHGGVLPNINPVLLPKKAAEKAASGGAKEAKSPKKAAKSPKKA
Taes	Traes_6DS_33D6888AF.4	MAGRKGGDRKKAVTRSVKAGLQFPVGRIGRYLKKGRYAQRVGSGAPVYLAAVLEYLAAEVRTDLSCPRPKDNKKTRIIPRHLLLAVRNDQELGRLLAGVTIAHGGVIPNINSVLLPKKSPAAAEKEAKSPKKKTSTKSPKKKTAATKE
Opun	OPUNC05G00910.1	MEVGVGGGGKAKKAVGRKLGGPKKKPVSRSVKAGLQFPVGRIGRYLKKGRYAQRVGTGAPVYLAAVLELAGNAARDNKKNRIIPRHVLLAIRNDEELGKLLAGVTIAHGGVLPNINPVLLPKKTAEKSDKPAKSSKDKAAKSPKKARS
Bdis	BRADI2G23090.1	MEVGSKAKKGGAAGRPRGGPKKKPVSRSVKAGLQFPVGRIGRYLKLGRYAKRVGTGAPVYLAAVLEYLAAEVLELAGNAARDNKRNRIIPRHVLLAIRNDEELGKLLAGVTIAYGGVLPNINPVLLPKKTAAAAAKEAKPGKEATAKSPRKATAKSPKKADAS
Taes	Traes_1DS_BF178847F.1	VYLAAVLEYLAAEVLELAGNAAKDNKKTRIVPRHLLLAIRNDQELGRLLSGVTIAHGGVIPNINPVLLPKKTAEKAEKTAAKSPKKATKSPKKATKA
Taes	Traes_7BL_03672735D.1	HDDVCSQFPVAGRPEKTTRRRRRGSKEEDTTRAVEHRHVVAPQGRDQVPDQPRRPVPPAGPLCASRRGXLRQGRYAPRVAALAPVFLAAVLEYLVAEVLEMAGNAAKANKKKLITPRHLLLAIRNDSDFSRLLAGVSIAQGGVVPYINPVLLPKNNKTAHKAGKFKSSTS
Taes	Traes_6AS_7468DD2B7.1	MAGRKGGDRKKAVTRSVKAGLQFPVGRIGRYLKKGRYAQRVGSGAPVYLAAVLEYLAAEVLELAGNAAKDNKKTRIIPRHLLLAVRNDQELGRLLAGVTIAHGGVIPNINSVLLPKKSPAAAEKEAKSPKKKTATKSPKKKVAAKE
Obar	OBART07G21210.1	MATAVVDAGARRGVVGLPLRAIQAVVARRMAATARVLPSTPPPWRWVLGPPIDSTAHLVSLTRLSPHPSCSPAPTRRRGSGRLVVAKIGAEEAGFPVGRIGCYLKKGRYTQRVGISAPVYLAAEASPIVYLFLTNPSNPVLALAGNVAWDNKKNRIIPRYVLLAIRNDDELGKLLAGVTIAHGGVLPNINPVLLPKEDRREIRQAGQVPQEAGAQKSVGAMPAGILGEDEGTNEMFLQAPPSCLPLTAGCNASSPAIASGDGELAPAPFRRCPSDPRPPPPPSPAIRSLLPRAGLKGNRKGEKSERRERERGEEGKGEPICQWVS
Taes	Traes_5BL_79B9D50251.2	MDASAAAAVSKAKKYVVGRKLGGGPRKKAVARSVKAGLQFPVGRIGRFLKKGRYAQRVGMGAPVYLASVLEYLAAELLELAGNAAKDNKKSRIIPRHLLLAIRNDQELGKLLAGVTIAHGGVLPNINPVLLPKKTAETEPKSPKKAPKSPKKA
Taes	Traes_1BS_D0D706E9B.1	QVLELAGNAAKDNKKSRIVPRHLLLAIRNDQELGRLLSGVTIAHGGVIPNINPVLLPKKAAEKAEKAGTAAKSPKKATKSPKKATKA
Tura	TRIUR3_34879-P1	MAAVGSPSPADDLRRKEEEEEVKRRIRCALWNIGTSWPLKAGIKFPISRVGRYLRQGRYARRVAALAPVFLAAVLEYLVAEVLEMAGNAAKDNKKKLITPRHLLLAIRNDNELLAGVTIAQAGVVPYINPVLLPKNNKTAHKAGKFKSSKTPS
Stub	PGSC0003DMT400063677	MDATKTTKGAGGRKGGPRKKSVTKSIKAGLQFPVGRIGRYLKKGRYAQRVGSGAPIYLAAVLEYLAAEVLELAGNAARDNKKSRIIPRHVLLAVRNDEELGKLLAGVTIASGGVLPNINPILLPKKSAVADEKAPKAKAAKSPKKA
Alyr	fgenesh1_pg.C_scaffold_8001991	METTAKVKKAFGGRKPGGAKTKSVSKSIKAGLQFPVGRITRFLKKGRYAQRLGGGAPVYMAAVLEYLAAEVLELAGNAARDNKKSRIIPRHLLLAIRNDEELGKLLSGVTIAHGGVLPNINSVLLPKKTASKSTEEKASKSPVKSPKKA
Atau	EMT21048	MAGRKSGERKKAVTWCTKAGLQILVDRIGRYLKKGRYTDRVGPGALVYLAAFLEYLAVKMLELAGKVAKDNKKTCIMSRHLLLATRNDEELSKLLDGITIAHGGVLPNIHSVLFSKKANMH
Hvul	MLOC_68568.2	MDVSATGAGAKAKKGAAGRKAGGPRKKSVSRSVKAGLQFPVGRVGRYLKKGRYAQRVGTGAPVYLAAVLEYLAAELLELAGNAAKDNKKSRIIPRHLLLAVRNDEELGKLLAGVTIAHGGVVPKINPVLLPKRTAEKAPKEGKSPKKAAKSPKKA
Obar	OBART05G19360.1	MEVGAKVPKKAGAGGRRGGGGPKKKPVSRSVKAGLQFPVGRIGRYLKQGRYSQRIGTGAPVYLAAVLEYLAAEVLELAGNAARDNKKNRIIPRHVLLAIRNDEELGKLLAGVTIAHGGVLPNINPVLLPKKTGSAAAKEAKEGKTPKSPKKATTKSPKKAAAA
Sita	Si031363m	MDASGATGKVKKGAAGRKAGGPRKKSVSRSVKAGLQFPVGRIGRYLKKGRYAQRVGTGAPVYLAAVLEYLAAEVLELAGNAARDNKKTRIIPRHVLLAIRNDEELGKLLAGVTIAHGGVLPNINPVLLPKKAAEKAASGGAKEAKSPKKAAKSPKKA
Bdis	BRADI4G28560.1	MDTGAGKAKKGAGGRKAGGGGGPRKKSVTRSVKAGLQFPVGRIGRYLKKGRYAQRVGSGAPVYLAAVLEYLAAELLELAGNAARDNKKTRIIPRHLLLAIRNDDELGKLLAGVTIAHGGVMPKINQVLLPKKTAAKEPKEPKSPKKAAKSPKKA
Tura	TRIUR3_18674-P1	MDASATGAVAKAKKYVVGRKLGGGPRKKAVARSVKAGLQFPVGRIGRFLKKGRYAQRVGMGAPVYLASVLEYLAAELLELAGNAAKDNKKSRIIPRHLLLAIRNDQELGKLLAGVTIAHGGVLPNINPVLLPKKTAEKEPKSPKKAPKSPKSPKKA
Brap	Bra028869.1-P	MDSGTKVKKGAGGRRGGGPKKKPVSRSVKAGLQFPVGRIGRYLKKGRYSKRVGTGAPVYLAAVLEYLAAEVLELAGNAARDNKKNRIIPRHVLLAVRNDDELGKLLKGVTIAHGGVLPNINPVLLPKKSEKAASTTKVTKSPSKATKSPKKA
Obar	OBART03G12610.1	MDAAGAGAGGKLKKGAAGRKAGGPRKKAVSRSVKAGLQFPVGRIGRYLKKGRYAQRIGTGAPVYLAAVLEYLAAEVLELAGNAARDNKKNRIIPRHVLLAIRNDEELGKLLAGVTIAHGGVLPNINPVLLPKKTAEKAAAAGKEAKSPKKAAGKSPKKA
Taes	Traes_7DL_4380D9B78.1	MSAVSSPSPADLRKQQEEEEEVKKRIRRALWNIGTSWPLKAGIKFPISRVGRYLRQGRYAPRVAALAPVFLAAVLEYLVAEILEMAGNAAKANKKKLITPRHLLLAIRNDNEFSRLLAGVTIAQAGVVSYINPVLLPKNNKTAHKAGKFKSSTS
Tura	TRIUR3_04190-P1	MAGRKGGDRKKAVTRSVKAGLQFPVGRIGRYLKKGRYAQRVGSGAPVYLAAVLEYLAAEVLELAGNAAKDNKKTRIIPRHLLLAVRNDQELGRLLAGALGRLLAGVTIAHGGVIPNINSVLLPKKSPAAAEKEATKSPKKKTAAKSPKKKTAATKE
Sbic	Sb09g001520.1	MDGGGAKAKKAAAGRKLGGGGPKKKPVSRSVKAGLQFPVGRIGRYLKKGRYAQRVGTGAPVYLAAVLEYLAAEVLELAGNAARDNKKNRIIPRHVLLAIRNDEELGKLLAGVTIAHGGVLPNINSVLLPKKAAEKAEKAASATKSPKKAAAAKSPKK
Taes	Traes_6DS_C73A2C9BC.1	MDASATVAAGKAKKGAAGRKAGGPRKKSVARSVKAGLQFPVGRIGRFLKKGRYAQRVGSGAPVYLAAVLEYLAAELLELAGNAAKDNKKSRIIPRHLLLAVRNDQELGRLLAGVTIAHGGVIPNINPVLLPKKTAEKSPKEPKSPKKTAKSPKKA
Brap	Bra020278.1-P	METTGKVKKAFGGRKAGGPKTKSGRYAQRLGGGAPVYMAAVLEYLAAEVLELAGNAARDNKKSRIIPRHLLLAIRNDEELGKLLSGVTIAHGGVLPNINSVLLPKKSAKSTEDVVSKSPAKSPKKA
Taes	Traes_5DL_18F2E78E0.1	MDASPTGAVSKAKKYVVGRKLGGGPRKKAVARSVKAGLQFPVGRIGRFLKKGRYAQRVGMGAPVYLASVLEYLAAELLELAGNAAKDNKKSRIIPRHLLLAIRNDQELGKLLAGVTIAHGGVLPNINPVLLPKKTTEKEPKSPKKAAKSPKKA
Hvul	MLOC_43244.1	MEASGAGAGAIPKAKRYVVGRKLGGSPRKKMVARSVKAGLQFPVARIGRFLKKGRYAQRVGRGAPVYLASVLEYLAAEILELAGNAAKDNKKSRIMPRHLLLAIRNDPELGKLLAGVTIAHGGVLPNINPVLLPKKTVEKEPKSPNKAAKKA
Taes	Traes_1BS_2A71352D5.1	MDGSKAKKVAAKKFGGPRKKSVTKSIKAGLQFPVGRIGRYLKKGRYAQRVGSGAPVYLAAVLEYLAAEVLELAGNAAKDNKKSRIVPRHLLLAIRNDQELGRLLSGVTIAHGGVIPNINPVLLPKKAAEKAEKAEKTATKSPKKATKSPKKATKA
Taes	Traes_3B_B3A1F7BD1.1	MAGRNSGERKKAVTRTTRAGLQFPVGRIARYLKKGRYADRIGWGAPIYLASVLEYLAAEMLELAGNAAKDNKKTRIMPRHLLLATRNDEELSKLLDGITIAHSGVLPNIHSVLFSKKILVPRKGVIPFPNFLKHKLSFPFSP
Vvin	VIT_08s0040g03300.t01	MEAAGKVKKGAGGRKGGGPKKKPVSRSVKAGLQFPVGRIGRYLKKGRYSQRVGTGAPVYLAAVLEYLAAEVLELAGNAARDNKKNRIIPRHVLLAVRNDEELGKLLAGVTIAHGGVLPNINPVLLPKKSDKAAKEPKSPSKATKSPRKT
Atha	AT5G02560.2	MDSGTKVKKGAAGRRSGGGPKKKPVSRSVKSGLQFPVGRIGRYLKKGRYSKRVGTGAPVYLAAVLEYLAAENSCGFCSVASLTIYRCRMSSSDFRVLELAGNAARDNKKNRIIPRHVLLAVRNDEELGTLLKGVTIAHGGVLPNINPILLPKKSEKAASTTKTPKSPSKATKSPKKS
Atau	EMT31039	MAGRKGVARKKAVTRSVRAGLQFPVGRIGRYLKKGRYAQRVGSGAPVSLAAVLEYLATEVLELAGDAAKESKKARIIPRHLMIAVQGDPELSRLLAGVTIAYGGVVPYINSALLPKKGAGAAGKEPKKKAAATKSLKKKAAATN
Taes	Traes_6AS_6C7C4893E.1	MAGRKGGDRKKAVTRSVKAGLQFPVGRIGRYLKKGRYAQRVGSGAPVYLAAVLEYLAAEVLELAGNAAKDNKKTRIIPRHLLLAVRNDQELGKLLAGVTIAHGGVIPNINSVLLPKKSPAAAEKEAKSPKKKTTTKSPKKKTAATKD
Taes	Traes_6AS_AFBB715C3.3	MAGRKGGDRKKAVTRSVKAGLQFPVGRIGRYLKKGRYAQRVGSGAPVYLAAVLEYLAAEVLELAGNAAKDNKKTRIIPRHLLLAVRNDQELGRLLAGVTIAHGGVIPNINSVLLPKKSPATAEKEAKSPKKKTTTKSPKKKVAAKE
Tura	TRIUR3_16210-P1	MTHLPPPAALGEALLDSRYFHHHAVVLLDLHQPLLPPCWIKKEEMSLLRTPGRTLPGGAIGPFLKKGRYAQRVGMGAPVYLASVLEYLAAELLELAGNAAKDNKKSRIIPRHLLLAIRNDQELGRLLAGVTIAHGGVLPNINPVLLPKKAADKGPKSPKKAAKSPKKA
Atau	EMT01847	MDVSATRAGAKAKKGAAGHKAGGPRKKSVSRSVKAGLQFPVGRIGRYLKKAGTGEEFYPGEPVTLSRTSNLAAASYLAAEVLELAGNAAKDNKKSRIIRRHLLLTVRNDEELGKLLAGVTIAHGGVVPKINPVLLPKRTAEKAPKEGKSSKKAAKSPKKA
Vvin	VIT_00s0259g00020.t01	MGIVWGEKQKNGKKGVRERKSLFLAGEGESWENKKKWEKEKFWRKRKQSLEENFQWRPLKRKPVSCLVKAGLQFPVSRIDRYLKKGCYSQRVGTGASVYLATVLEYLATEVSELARNAAWDNQKHRIIPRHVLLAVRNDEELGKLLAGVTIARGGVLPNINHILLPKKTDKAGKESKSPSKATKSPRKA
Taes	Traes_5BL_45451B547.1	PLAKSPRTIADRAKSQIRSSRHGRLSHRRRLQGEEVRGGRKLGGGPRKQAVARSVKAGLQFPVGRIGRFLKKGRYAQRVGMGAPVYLASVLEYLAAELLELAGNAAKDNKKSRIIPRHLLLAIRNDQELGKLLAGVTIAHGGVLPNINPVLLPKKTAEKETKKAAKSPKKA
Sita	Si023495m	MDVGAKVPKKGAAGRRGGGGPKKKPVSRSVKAGLQFPVGRIGRYLKQGRYSQRIGTGAPVYLAAVLEYLAAEVLELAGNAARDNKKNRIIPRHVLLAIRNDEELGKLLAGVTIAHGGVLPNINPVLLPKKTASAAAKEGKEGKEKKSPKKAATKSPKKAAAA
Vvin	VIT_00s0753g00020.t01	MEKAKTELGGALSGTVKKGVGGRKGSGPKKKPLSYPVKASLQFPVGRIGRYLKKGHYSQRVGTGASNYLAAVLEYQASEVLELAGNKHRIIPRHVLLVVRNDEELGKLLSGVTIAHGGFLPNINPVLLPKKTDKAAKEPKSPSKATKSPRKA
Osat	OS05T0461400-02	MEVGAKVPKKAGAGGRRGGGGPKKKPVSRSVKAGLQFPVGRIGRYLKQGRYSQRIGTGAPVYLAAVLEYLAAEVLELAGNAARDNKKNRIIPRHVLLAIRNDEELGKLLAGVTIAHGGVLPNINPVLLPKKTGSAAAKEAKEGKTPKSPKKATTKSPKKAAAA
Tura	TRIUR3_30338-P1	LEPPAAELRELAGNAAKDNKKSRIIPRHLLLAVRNDEELGKLLAGVTIAHGGVIPKINPVLLPKKTAEKEGQAPKSPKKAAKSPKKA
Ogla	ORGLA05G0167900.1	MEVGAKVPKKAGAGGRRGGGGPKKKPVSRSVKAGLQFPVGRIGRYLKQGRYSQRIGTGAPVYLAAVLEYLAAEVLELAGNAARDNKKNRIIPRHVLLAIRNDEELGKLLAGVTIAHGGVLPNINPVLLPKKTGSAAAKEAKEGKTPKSPKKATTKSPKKAAAA
Omer	OMERI03G11880.1	MDAAGAGAGGKMKKGAAGRKAGGPRKKAVSRSVKAGLQFPVGRIGRYLKKGRYAQRIGTGAPVYLAAVLEYLAAEVLELAGNAARDNKKNRIIPRHVLLAIRNDEELGKLLAGVTIAHGGVLPNINPVLLPKKTAEKAAAAGKEAKSPKKAAGKSPKKA
Taes	Traes_6DS_0365E27DF.1	MAGRKGGDRKKAVTRSVKAGLQFPVGRIGRYLKKGRYAQRVGSGAPVYLAAVLEYLAAEVCGRYSVLEPLLLCSCPVRRMTDRFRFGSQVLELAGNAAKDNKKTRIIPRHLLLAVRNDQELGKLLAGVTIAHGGVIPNINAVLLPKKSPAAAEKEAKSPKKKTSTKSPKKK
Gmax	GLYMA15G04520.1	MDAGGKIKKGAGGRKGGGPKKKPVSRSVKAGLQFPVGRIGRYLKKGRYAQRVGTGAPVYLAAVLEYLAAEVLELAGNAARDNKKNRIIPRHVLLAVRNDEELGKLLAGVTIAHGGVLPNINPVLLPKKTERASKEPKSPSKATKSPKKA
Taes	Traes_5BL_404F6E798.1	MAGRKGGDRKKAVTRSVKAGLQFPVGRIGRYLKKGRYAQRVGSGAPVYLAAVLEYLAAEVLELAGNAAKDNKKTRIIPRHLLLAVRNDQELGRLLAGVTIAHGGVIPNINSVLLPKKSAAAEKEAKSPKKKAATKSPKKKAAAAKE
Brap	Bra002523.1-P	METTGKVKKAFGGRKAGGPKTKSVSKSIKAGLQFPVGRITRFLKKGRYAQRLGGGAPVYMAAVLEYLAAEVLELAGNAARDNKKSRIIPRHLLLAIRNDEEPGKLLSGVTIAHGGVLPNINSVLLPKKSAKSSEDAAPKSPGKSPKKA
Tura	TRIUR3_01661-P1	MVGRKSSERKKFPVGRIGHYLKKDRYADRVGSGAPVYLAAALEYLAAELAGNAAKDNKKTCIMPRHLLLATRNDGELSKLLDDITIAHNGVLPNIHSVLFSKKANMH
Taes	Traes_6AS_0520AAF4F.1	MAGRKVGERKKAVTRSVKAGLQFPVGRIGRFLKKGRYAQRVGSGAPVYLAAVLEYLAAEVLELAGNAAKDNKKTRIVPRHLLLAVRNDQELGRLLAGVTIAHGGVIPNINPVLLPKKLAAAAEKEATKSPKKKAAAKSPKKKVACSASSGSAS
Gmax	GLYMA13G40900.1	MDTGGKIKKGAGGRKGGGPKKKPVSRSVKAGLQFPVGRIGRYLKKGRYAQRVGTGAPVYLAAVLEYLAAEVLELAGNAARDNKKNRIIPRHVLLAVRNDEELGKLLAGVTIAHGGVLPNINPVLLPKKTERASKEPKSPSKATKSPKKS
Mtru	AES88841	MEASTKTTKKGAGGRKGGGPRKKSVTRSIRAGLQFPVGRIGRYLKKGRYAQRVGTGAPVYLAAVLEYLAAEVLELAGNAARDNKKNRIIPRHVLLAVRNDEELGKLLNGVTIAHGGVLPNINPILLPKKTEKTAPKEPKKAGKSPKKAPESSWIHFNTDGTYKGGSLAGCRGVSRGKNGKWICIFSKRLGVCSAYVAELLGIFEGLNLARPHGFHKIELHVVSQVVVTTISKYMYPSSK
Ogla	ORGLA01G0138500.1	MDAAGAGAGGKLKKGAAGRKAGGPRKKAVSRSVKAGLQFPVGRIGRYLKKGRYAQRIGTGAPVYLAAVLEYLAAEVLELAGNAARDNKKNRIIPRHVLLAIRNDEELGKLLAGVTIAHGGVLPNINPVLLPKKTAEKAAAAGKEAKSPKKAAGKSPKKA
Oglu	OGLUM03G12670.1	MDAAGAGAGGKLKKGAAGRKAGGPRKKAVSRSVKAGLQFPVGRIGRYLKKGRYAQRIGTGAPVYLAAVLEYLAAEVLELAGNAARDNKKNRIIPRHVLLAIRNDEELGKLLAGVTIAHGGVLPNINPVLLPKKTAEKAAAAGKEAKSPKKAAGKSPKKA
Taes	Traes_3AS_683116F59.1	MAGRKGGDRKKAVTRSVKAGLQFPVGRIGRYLKKGRYAQRVGSGAPVYLAAVLEYLXXXXXXXXGNAAKDNKKTRIIPRHLLLAVRNDQELGKLLAGVTIAHGGVIPNINSVLLPKKSPAAAEKEAKSPKKKTATKSPKKKVAATKE
Omer	OMERI05G15990.1	MEVGAKVPKKAGAGGRRGGGGPKKKPVSRSVKAGLQFPVGRIGRYLKQGRYSQRIGTGAPVYLAAVLEYLAAEVLELAGNAARDNKKNRIIPRHVLLAIRNDEELGKLLAGVTIAHGGVLPNINPVLLPKKTGSAAAKEAKEGKTPKSPKKATTKSPKKAAAA
Tura	TRIUR3_06581-P1	MDVSGTGAGAKGKKGAAGRKAGGPRKKSVTRSVKAGLQFPVGRIGRYLKKGRYAQRVGTGAPVYLAAVLEYLAAVLLELAGNAAKDNKKSRIIPRHLLLAVRNDEELGKLLAGVTIAHGGVIPKINPVLLPKRTAEKEGKEPKSPKKATKSPKKTTKA
Taes	Traes_4AS_B97A404E2.2	MEASGAAAKGKKGAAGRKAGGPRKKSVTRSVKAGLQFPVGRIGRYLKKGRYAQRVGTGAPVYLAAVLEYLAAELLELAGNAAKDNKKSRIIPRHLLLAVRNDEELGKLLAGVTIAHGGVIPKINPVLLPKRTAEKEGKEPKSPKKATKSPKKATKQCPPGARSPV
Tura	TRIUR3_23480-P1	MAGRKGGDRKKAVTRSVKAGLQFPVGRIGRYLKKGRYAQRVGSGAPVYLAAVLEYLAAEVLELAGNAAKDNKKTRIIPRHLLLAVRNDQELGRLLAGVTIAHGGVIPNINSVLLPKKSAAAEKEAKSPKKKAATKSPKKKAVATKE
Atau	EMT17583	MAGRKGGDRKKAVTRSVKAGLQFPVGRIGRYLKKGRYAQRVGSGAPVYLAAVLEYLAAEITDLVRRLKSQVLELAGNAAKDNKKTRIIPRHLLLAVRNDQELGRLLAGVTIAHGGVIPNINSVLLPKKSPAAAEKEAKSPKKKTATKSPKKKVAAKE
Taes	Traes_1DS_35B7AED4C.2	SGAPVYLAAVLEYLAAEVLELAGNAAKDNKKTRIVPRHLLLAIRNDQELGRLLSGVTIAHGGVIPNINPVLLPKKAAEKAEKAGAAPKSPKKTTKSPKKATKA
Tura	TRIUR3_11525-P1	MDASATGAGAKAKKGAAGRKAGGPRKKSVTRSVKAGLQFPVGRIGRYLKNGRYAKRVGTGAPVYLAAVLEYLAAELLELAGNAAKDNKKSRIVPRHLLLAVRNDQELGRLLAGVTIAHGGVLPNINPVLLPKKTAEKEPKSPKKAAKSPKKADKKA
Ptri	POPTR_0006s08230.1	METGGKVKKGAAGRKGGGPKKKPVSRSAKAGLQFPVGRIGRYLKKGRYSQRVGSGAPVYLAAVLEYLAAEVLELAGNAARDNKKNRIIPRHVLLAVRNDEELGKLLAGVTIAHGGVLPNINPVLLPKKTEKAAKEPKSPSKATKSPKKA
Taes	Traes_4BL_96E367077.2	MEVSGAAAKGKKGAAGRKAGGPRKKSVTRSVKAGLQFPVGRIGRYLKKGRYAQRVGTGAPVYLAAVLEYLAAELLELAGNAAKDNKKSRIIPRHLLLAVRNDEELGKLLAGVTIAHGGVIPKINPVLLPKKTAEKEGKEPKSPKKATKSPKKATKCSILTFPQQQC
Oglu	OGLUM05G01030.1	MDVGVGGKAAKKAVGRKLGGPKKKPVSRSVKAGLQFPVGRIGRYLKKGRYAQRVGTGAPVYLAAVLEYLAAEASHCLSLPLPNPSKPSMVLELAGNAARDNKKNRIIPRHVLLAIRNDEELGKLLAGVTIAHGGVLPNINPVLLPKKTAEKADKPAKASKDKAAKSPKKQARS
Zmay	GRMZM2G003306_P01	MDASAAGAGGKAKKGAAGRKAGGPRKKSVTRSVKAGLQFPVGRIGRYLKKGRYAQRVGTGAPVYLAAVLEYLAAEVLELAGNAAKDNKKTRIIPRHVLLAIRNDEELGKLLSGVTIAHGGVLPNINPVLLPKKTAEKAAAKEAKSPKKAAKSPKKA
Slyc	Solyc11g073250.1.1	MESTGKVKKGAAGRRGGGPKKKPVSRSVKAGLQFPVGRIGRFLKKGRYAQRVGSGAPVYLAAVLEYLAAEVLELAGNAARDNKKNRIIPRHLLLAVRNDEELGKLLAGVTIAHGGVLPNINPILLPKKTGGEKAPKSPSKATKSPKKA
Taes	Traes_3B_3B210BD36.1	MARKGGERKKAVTRSVKAGLQFPVGRIGRFLKKGRYAQRVGSGAPVYLAAVLEYLAAEVLELAGNAAKDNKKSRIVPRHLLLAIRNDQELGKLLAGVTIAHGGVLPNINPVLLPKRALEKAEKEAQSPKSPRKKTEKKAPAPAAKKTPKKXXXXXXXXXXAAAAAAEEEE
Atau	EMT06531	MAGRKGGDRKKAVTRSVKAGLQFPVGRIGRFLKKGRYAQRVGMGAPVYLASVLEYLAAELLELAGNAAKDNKKSRIIPRHLLLAIRNDQELGKLLAGVTIAHGGVLPNINPLLLPKKTAEKEPKSPKKAPKSPKKA
Taes	Traes_7AL_9ED6357DA.1	MARWKGQRKKAVTRSVKAGLQFPVGRIGRYLKQGRYAQRIGSGAPVYLAAVLEYLAAEVLELAGNAAVDNKKTRIIPRHLLLAIRNDEEIGKLLAGVTIAHGGVLPNINPVLLPKKTAKKADKDSKSTKTTKKKKTTAKSPKKTAEETTATEDTANAEETAAADEE
Sbic	Sb02g030950.1	MDASGAGGKAKKGAAGRKAGGPRKKSVSRSVKAGLQFPVGRIGRYLKKGRYAQRVGTGAPVYLAAVLEYLAAEVLELAGNAARDNKKTRIIPRHVLLAIRNDEELGKLLAGVTIAHGGVLPNINPVLLPKKVAEKAASGGSKEAKSPKKAAKSPKKA
Atau	EMT33769	MDASATGAGAKAKKGAAGRKAGGPRKKSVTRSVKAGLQFPVGRIGRYLKNGRYAKRVGTGGPVYLAAVLEYLAAELLELAGNAAKDNKKSRIVPRHLLLAVRNDQELGRLLAGVTIAHGGVLPNINPVLLPKRTAEKEPKEGKSPKKTAKSPKKADKKA
Bdis	BRADI2G62450.1	MAGRKAGGERKKAVSRSVKAGLTFPVGRIGRYLKHGRYAKRVGFGAPVFLAAVLEYLAAEVLELAGNAATDNKRKSIMPRHLLLAIRNDDELGKLLAGVTIAHGGVLPNIHSVLLPKRAAEKAAAADDEKESQWPKKKKTVAKKPAAAAEDAADGDADAGAAAEE
Atau	EMT29882	MDVSGAAAKGKKGAAGRKAGGPRKKSVTRSVKAGLQFPVGRIGRYLKKGRYAPRVGTGAPVYLAAVLEYLAAELLELAGNAAKDNKKSRIIPRHLLLAVRNDEELGKLLAGVTIAHGGVIPKINPVLLPKKTAEKEGKEPKSPKKAAKSPKKATKA
Taes	Traes_6AS_72D1A1EC7.2	MAGRKGVARKKAVTRSVRAGLQFPVGRIGRYLKKGRYAQRVGSGAPVYLAAVLEYLAAEVLELAGDAAKETKKARIIPRHLMIAVQGDPELSRLLAGVTIAYGGVVPYINSALLPKNGAGAAGKESKKKAAATKSPKKTYQAAGNRI
Alyr	fgenesh1_pg.C_scaffold_8001992	METTAKVKKAFGGRKPGGPKTKSVSKSIKAGLQFPVGRITRFLKKGRYAQRLGGGAPVYMAAVLEYLAAEVLELAGNAARDNKKTRIIPRHLLLAIRNDEELGKLLSGVTIAHGGVLPNINSVLLPKKTASKSTEEKAGKSPAKSPKKA
Taes	Traes_7BS_BEE011652.1	MDVSATGAGAKAKKGAAGRKAGGPRKKSVSRSVKARLQFPVGRIGRLVFNGRYAQRIGTGAPVYLSAVLEYLAVEVLELAGNAAKDNKKSRIIPRHLLLAVRNDEELGKLLAGVT
Tura	TRIUR3_06580-P1	RKGRYAQRVGTGAPVYLAAVLEYLAAELLELAGNAAKDNKKSRIIPRHLLLAVRNDEELGKLLAGVTIAHGGVIPKINPVLLPKRTAEKEGKEPKSPKKATKSPKK
Obra	OB05G26920.1	MEQRRYSKRIGTGAPVYLAAVLEYLAAEVLELAGNAARDNKKNRIIPRHVLLAIRNDEELGKLLAGVTIAHGGVLPNINPVLLPKKTGSAAAKEPKEGKTPKSPKKATTKSPKKAAAA
Oglu	OGLUM07G21070.1	MAMGFRSADRFHRPPRLADSLVSPPVMLAGTNATTSGPKKPVSRSVKAGLQFPVGRIGRYLKKGRYTQRVGIGAPVYLAAEASPIVYLFLYQSFQPSMVNRDLLMKVLELAGNMAWDNKKNRIIPRHVLLAIRNDDELGKLLAGVTIAHGGVLPNINPVLLPKEDHREIRQAGQVPQEAGAQKSVGATPVGILGEDEGTNEMFLQAPPSCLPLTAGCNASSPAIASGDDELAPTPFRRCPSDPRQPPPPSPAIRSPLPRAGLKGNRKGEKSERRERERVEEGKGEPICQWVS
Tura	TRIUR3_34110-P1	MDVSATGAGAKAKKGAAGRKAGGPRKKSVSRSVKAGLQFPVGRIGRYLKKGRYAQRVGTGAPVYLAAVLEYLAAELLELAGNAAKDNKKSRIIPRHLLLAVRNDAELGKLLAGVTIAHGGVVPKINPVLLPKRTAEKVPKEGKSPKKAAKSPKKA
Mtru	AES67597	MDASTKTKKGAGGRKGGPRKKSVTRSTRAGLQFPVGRIGRYLKKGRYAQRVGTGAPVYLAAVLEYLAAEVLELAGNAARDNKKNRIIPRHVLLAVRNDEELGKLLAGVTIAHGGVLPNINPILLPKKNEKAATTTKSPSKATKSPKKA
Atau	EMT17897	METGAKAPKKAGRRAGGGGPKKKSVSRSVKAGLQFPVGRIGRYLKHGRYAKRVGSRDPLLELAGNAARDNKKNRIIPRHVLLAIRNDEELGKLLAGVTIAYGGVLPNINPVLLPKKAAAAATKEPKAGTTKSPRKSPAKKAADA
Tura	TRIUR3_07419-P1	MAGRKGGDRKKAVTRSVKAGLQFPVGRIGRYLKKGRYAQRVGSGAPVYLAAVLEYLAAEVLELAGNAAKDNKKTRIIPRHLLLAVRNDQELGKLLAGVTIAHGGVIPNINSVLLPKKSPAAAEKEAKSPKKKTATKSPKKKVAATKE
Hvul	MLOC_68554.1	RIGRYLKKGRYAQRVGSGAPVYLAAVLEYLAAELLELAGNAAKDNKKTRIIPRHLLLAVRNDQEL
Osat	OS01T0502700-00	MQLFVKSLISREISSSPQRSDRPSPLPRIDGPTTLPFPQPFKYATPPASSPSRTRIRRPKKRKKKEKQSSTPSSAAGTSLARLAMDAAGAGAGGKLKKGAAGRKAGGPRKKAVSRSVKAGLQFPVGRIGRYLKKGRYAQRIGTGAPVYLAAVLEYLAAEVITLAHAHAPTLSSTSSAVLELAGNAARDNKKNRIIPRHVLLAIRNDEELGKLLAGVTIAHGGVLPNINPVLLPKKTAEKAAAAGKEAKSPKKAAGKSPKKA
Atri	ERN10168	MDPASKTKKGAGGRKGGPKKKPTSKSVKAGLQFPVGRITRYLKKGRYSQRVGIGAPVYLAAVLEYLAAEVLELAGNAARDNKKSRIIPRHVLLAVRNDDELGKLLAGVTIPHGGVLPNINPVLLPKRSHKPETQEPKTPKSPAKKAA
Ogla	ORGLA05G0010500.1	MDVVVGGKAAKKAVGRKLGGPKKKPVSRSVKAGLQFPVGRIGRYLKKGRYAQRVGTGAPVYLAAVLEYLAAEVLELAGNAARDNKKNRIIPRHVLLAIRNDEELGKLLAGVTIAHGGVLPNINPVLLPKKTAEKADKPAKASKDKAAKSPKKQARS
Taes	Traes_2BL_A15A34503.1	MDASATVAPGKAKKGAAGRKAGGPGKKSVSRSVKAGLQFPVGRIRRFLKKGRYAQRVSSGAPVYLAAVLEYLAAELLELAGNAAKDNKKSRIVPRHLLLAVRNDQELGRLLAGVTIAHGGVIPNINPVLLPKKAAEKSPKEPKSPKKTAKSPKKA
Sbic	Sb09g022690.1	MDAGAKVPKKAAAGRRGGGGPKKKPVSRSVKAGLQFPVGRIGRYLKQGRYAQRIGTGAPVYLAAVLEYLAAEVLELAGNAARDNKKNRIIPRHVLLAIRNDEELGKLLAGVTIAHGGVLPNINPVLLPKKTAAAAAKEGKEKKSPKKAATKSPKKAAAA
Oind	BGIOSGA003601-PA	MDAAGAGAGGKLKKGAAGRKAGGPRKKAVSRSVKAGLQFPVGRIGRYLKKGRYAQRIGTGAPVYLAAVLEYLAAEVLELAGNAARDNKKNRIIPRHVLLAIRNDEELGKLLAGVTIAHGGVLPNINPVLLPKKTAEKAAAAGKEAKSPKKAAGKSPKKA
Vvin	VIT_00s0259g00040.t01	MEAAEKVKKGVRERKGSGPKKKPISCPIKAGLQFPIGRIGRYLKKGRYSQRVRTDASIYFVVMLEYLAVEVLELAGNGAWDNQKHKIIPRHVLLVVRHDEELGKLLAGVTIAHGGVLLNINPVLLPKKIDKAAKESKLPSKATKPP
Sbic	Sb01g000950.1	MDVSGAGAGGKAKKGAAGRKAGGPRKKSVSRSVKAGLQFPVGRIGRYLKKGRYAQRVGTGAPVYLAAVLEYLAAEVLELAGNAARDNKKTRIIPRHVLLAIRNDEELGKLLAGVTIAHGGVLPNIHSVLLPKKVAEKAAKEPKSPKKAAKSPKKA
Taes	Traes_7AL_FC7B2C8E0.1	MDASATGAGAKGKKGAAGRKAGGPRKKSVTRSVXXXXXXXXXXXXXXXXXXXXXXXXXXXXXXXXXAVLEYLAAELLELAGNAAKDNKKSRIVPRHLLLAVRNDQELGRLLAGVTIAHGGVLPNINPVLLPKKTAEKEPKSPKKAAKSPKKADKKVLWQDSDLL
Bdis	BRADI1G66360.1	MEVSSTPAGKGKKGAAGRKVGGPRKKAVTRSVKAGLQFPVGRVGRLLKKGRYAQRVGSGAPVYLAAVLEYLAAEVLELAGNAARDNKKSRIIPRHVLLAIRNDEELGKLLAGVTIAHGGVLPNIHTVLLPKKTAEKAPKEAKEPKSPKKAATPKKAAKSPKKA
Atau	EMT17582	MAGRKGGDRKKAVTRSVKAGLQFPVGRIGRYLKKGRYAQRVGSGAPVYLAAVLEYLAAEVLELAGNAAKDNKKTRIIPRHLLLAVRNDQELGRLLAGVTIAHGGVIPNINSVLLPKKSPAAAEKEAKSPKKKTSTKSPKKKTAATKE
Taes	Traes_6AS_2A59D8EDC.1	MAGRKGGDRKKAVTRSVKAGLQFPVGRIGRYLKKGRYAQRVGSGAPVYLAAVLEYLAAEVLELAGNAAKDNKKTRIIPRHLLLAVRNDQELRRLLAGVTIAHGGVIPNINSVLLPKKSPAAAEKEAKSPKKKTAAKSPKKKTAATKE
Sbic	Sb08g017770.1	MPSLAATGSSASPSRRRQGAEHARPGGGVGEHEPILAAAWGSSSPTLAARGISVGAPVYLAAVLEYLAAEVLELAGNAARDNKKTRIIPRHVLLAIRNDEELGKLLAGVTIAHGGVLPNIHTVLLPKKVAEKAAAVAKEPKSLKKA
Obra	OB03G22660.1	MDATGTGAAGKVKKGAGGRKAGGPRKKSVSRSVKAGLQFPVGRIGRYLKKGRYAQRIGTGAPVYLAAVLEYLAAEVLELAGNAARDNKKNRIIPRHVLLAIRNDEELGKLLAGVTIAHGGVLPNINPVLLPKKTAEKAAAAGKEAKSPKKAAGKSPKKA
Mtru	AET04273	MDASTKATKKGAGGRKGGGPRKKSVTRSIRAGLQFPVGRIGRYLKKGRYAQRVGTGAPVYLAAVLEYLAAEVLELAGNAARDNKKNRIIPRHVLLAVRNDEELGKLLAGVTIAHGGVLPNINPVLLPKKSEKPVKEPKSPSKAKKSPKKA
Oind	BGIOSGA017910-PA	MEVGAKVPKKAGAGGRRGGGGPKKKPVSRSVKAGLQFPVGRIGRYLKQGRYSQRIGTGAPVYLAAVLEYLAAEVLELAGNAARDNKKNRIIPRHVLLAIRNDEELGKLLAGVTIAHGGVLPNINPVLLPKKTGSAAAKEAKEGKTPKSPKKATTKSPKKAAAA
Taes	Traes_5DL_3C2246C3A.2	MDASGTGAVPKAKKYVVGRKLGGGPRKKAVARSVKAGLQFHVGRIGRFLKKGRYAQRVGMGAPVYLASVLEYLATELLELAGNAAKDNKKARIIPRHLLLAIRNDQELGKLLACITIAHGGVLPNINPLLLPKKTAEKEPKSPKKAAKSPKKYALFCFEKKEVRNLFDL
Ogla	ORGLA03G0121800.1	MDAAGAGAGGKLKKGAAGRKAGGPRKKAVSRSVKAGLQFPVGRIGRYLKKGRYAQRIGTGAPVYLAAVLEYLAAEVLELAGNAARDNKKNRIIPRHVLLAIRNDEELGKLLAGVTIAHGGVLPNINPVLLPKKTAEKAAAAGKEAKSPKKAAGKSPKKA
Hvul	MLOC_25856.1	APVYLAVVLEYLAAALLELTGDAAKDNKKSRIIPRHLLLAVRNDEELGKLLAGVTIAHGGVIPKINPVLLPKRTAEKEGKGPKSPKKATKSPKKATKA
Taes	Traes_7BL_69588C86C.2	APVYLAAVLEYLAAELLELAGNAAKDNKKSRIVPRHLLLAVRNDQELGRLLAGVTIAHGGVLPNINPVLLPKKTAEKEPKSPKKAAKSPKKADKKICAAKRKMSGGKTQICSNLSAFLCLWY
Hvul	MLOC_23198.1	GRYLKKGRYAQRVGSGAPVYLAAVLEYLAAELLELAGNAAKDNKKTRIIPRHLLLAVRNDQELGRLLAGVPIAAHGGVIPNINSVLLPKKSPAAAEKEAKSPKKKTTTKSPKKKAPAAKE
Atau	EMT24732	MAGRKGGDRKKAVTRSVKAGLQFPVGRIGRYLKKGRYAQRVGSGAPVYLAAVLEYLAAEVLELAGNAAKDNKKTRIIPRHLLLAVRNDQELGRLLVRPAPQEVPRRRREGGQVAQEEDHRQVPQEEGRRQGVAARTHGLASVA
Atau	EMT06530	MDASPTGAVSKAKKYVVGRKLGGGPRKKAVARSVKAGLQFPVGRIGRFLKKARYARRAGMGAPVYLASVLEYLAAELLELAGNAAKDNKKSRIIPRHLLLAIRNDQELGKLLAGVTIAHGGVLPNINPVLLPKKTTEKEPKSPKKAAKSPEKA
Atau	EMT17934	MDASATVATGKGKKGVAGRKAGGPRKKSVSRSVKAGLQFPVSRIGRFLKKGRYAQRVGSGAPVYLAAVLEYLAAELLELAGNAAKDNKKSRIIPRHLLLAIRNDEELGKLLAGITIAHGGVIPNINPVLLPKKTAEKSPKEPKSPKKTAKSPKKA
Taes	Traes_5BL_A1589C4D7.1	MDASATGAVSKAKKYVVGRKLGGGPRKKAVARSVKAGLQSPVGRIGRFLKKGRYAQRVGMGAPVYLASVLEYLAAELLELAGNAAKDNKKARIIPRHLLLAIRNDQELGKLLAGVTIAHGGVLPNINPVLLPKKTAETEPKSPNKAAKSPKKA
Tura	TRIUR3_27223-P1	MDASATITTGKTKKGAAGCKAGGPRKKSVSRSVKAGLQFPVSRIGRYLKKGRYAQRVGTGAPVYLASVLEYLAAELLELAGNAAKDNKKSRIIIPRHLLLAVRNDEELGKLLAGVTIAHGGVVPKINPVLLPKKMVEKATKEPKSPKKTAKSPKKA
Atau	EMT21050	MARRKSAEQKKTRYLKKDRYADRVGSGAAVYLASVLEYLVAEMLELVGNVAKDNKKTRIIPCHLLLATRNDEELSKLLDGITIAHSGVLPNIHFVLFSKKAKMH
Oniv	ONIVA07G19880.1	MAMGFRSGPKKPVSRSVKAGLQFPVGRIGCYLKKGRYTQRVGIGAPVYLAAKASPIVYLFLTNPSNPVLELAGNVAWDNKKNRIIPRHVLLAIRNDDELGKLLAGVTIAHGGVLPNINPVLLPKEDRREIRQAGQVPQQAGAQKVTTFSLGYVLMLEQPTWIAMVTLMRV
Taes	Traes_6DS_0896B94C8.1	LEYLAAELLELAGNAAKDNKKSRIIPRHLLLAIRNDEELGKLLAGITIAHGGVIPNINPVLLPKKTAEKSPKEPKSPKKTAKSPKKGPGRATAKVGGNQ
Tura	TRIUR3_12064-P1	METGAKAPKKAGRRAGGGGPKKKSVSRSVKAGLQFPVGRIGRYLKHGRYAKRVGSGAPLLELAGNAARDNKKNRIIPRHVLLAIRNDEELGKLLAGVTIAYGGVLPNINPVLLPKKAAAAATKEPKAGTTKSPRKSPAKKAADA
Omer	OMERI05G01050.1	MDVGVGGKAAKKAVGRKLGGPKKKPVSRSVKAGLQFPVGRIGRYLKKGRYAQRVGTGAPVYLAAVLEYLAAEASHSWLTGIVSMMQVLELAGNAARDNKKNRIIPRHVLLAIRNDEELGKLLAGVTIAHGGVLPNINPVLLPKKTAEKADKPAKASKDKAAKSPKKQARS
Taes	Traes_7DL_C4A5DCDDA.2	LKNGRYAKRVGTGAPVYLAAVLEYLAAELLELAGNAAKDNKKSRIVPRHLLLAVRNDQELGRLLAGVTIAHGGVLPNINPVLLPKRTAEKEPKEGKSPKKVAKSPKKADKKICAVMK
Sita	Si037849m	MDATGTGAGGKVKKGAAGRKAGGPRKKSVSRSVKAGLQFPVGRIGRYLKKGRYAQRVGTGAPVYLAAVLEYLAAEVLELAGNAARDNKKTRIIPRHVLLAIRNDEELGRLLAGVTIAHGGVLPNINPVLLPKKTAEKASSGGSKEAKSPKKAAKSPKKA
Taes	Traes_5BL_A3D471A6F2.1	NPLPPSQIPHRAQISPHLQPTSRNGRLRRRRRLQGEEVRGGAQARRRPQEEGGGAVRQGRAAVPRRPHRAQRVGMGAPVYLASVLEYLAAELLELAGNAAKDNKKSRIIPRHLLLAIRNDQELGKLLAGVTIAHGGVLPNINPVLLTKKTAEKEPKSPKKTAEKEPKSPKKTAEKEPKSPKKA
Atau	EMT21049	MARKGGERKKAVTRSTKAGLQFPVGRIGRFLKKGRYAQRVGSGAPVYLAAVLEYLAAEVLELAGNAAKDNKKTRIVPRHLLLAIRNDQELGKLLAGVTIAHGGVLPNINPVLLPKKALEKAEKESQSPNFSGLSHDTNEVALKDAFSQHGDVIQVKVICHPVTGQSKGYGFVKFSSEKDAAAALEKMSDEVLDGKNIRVHFANSG
Obra	OB11G27430.1	MEVGAKVPKKAGACGRRGGRPKKKPVSRSFKAGLQFPVSRIGRYLKQGRYSKRIGTGAPVYLATCTLVLELAGKWRNNKKNRIIPRHVLLAICNDEELGITI
Gmax	GLYMA13G40940.1	MDAGGKIKKGAGGRKGGGPKKKPVSRSVKAGLQFPVGRIGRYLKKGRYAQRVGTGAPVYLAAVLEYLAAEVLELAGNAARDNKKNRIIPRHVLLAVRNDEELGKLLAGVTIAHGGVLPNINPVLLPKKTERAAKEPKSPSKATKSPKKA
Zmay	GRMZM2G028955_P01	MDVSGAGGKAKKGAAGRKAGGPTKKSVSRSSRAGLQFPVSRVGRYLKKGRYAQRVGTGAPVYLAAVLEYLAAEVLELAGNAARDNKKTRIIPRHVLLAIRNDEELGKLLAGVTIAHGGVLPNIHTVLLPKKVAEKAAKEPKKAAKSPKKA
Obar	OBART05G01020.1	MDVVVGGKAAKKAVGRKLGGPKKKPVSRSVKAGLQFPVGRIGRYLKKGRYAQRVGTGAPVYLAAVLEYLAAEASHSWLTGIVLLMQVLELAGNAARDNKKNRIIPRHVLLAIRNDEELGKLLAGVTIAHGGVLPNINPVLLPKKTAEKADKPAKASKDKAAKSPKKQARS
Taes	Traes_1BL_C0641E11A.3	MAGRKGGDRKKAVTRSVKAGLQFPVGRIGRYLKKGRYAQRVGSGAPVYLAAVLEYLAAEVCADLSGNAAKDNKKTRIIPRHLLLAVRNDQELGRLLAGVTIAHGGVIPNINSVLLPKKSPAAAEKEAKSPKKKISTKSPKKKTAATKE
Gmax	GLYMA15G04530.1	MDADGKIKKGAGGRKGGGPKKKPVSRSVKAGLQFPVGRIGRYLKKGRYAQRVGTGAPVYLAAVLEYLAAEVLELAGNAARDNKKNRIIPRHVLLAVRNDEELGKLLAGVTIAHGGVLPNINPVLLPKKSERASKEPKSPSKATKSPKKA
Sita	Si003187m	MDVSGAGATGKVKKGAAGRKAGGPRKKSVSRSVKAGLQFPVGRIGRYLKKGRYAQRVGTGAPVYLAAVLEYLAAEVLELAGNAARDNKKTRIIPRHVLLAIRNDEELGKLLAGVTIAHGGVLPNINPVLLPKKVAEKAASGGAKEAKSPKKGAKSPKKA
Mtru	AES67594	MDASTKTKKGAGGRKGGGPRKKSVTRSIRAGLQFPVGRIGRYLKKGRYAQRVGTGAPVYLAAVLEYLAAEVLELAGNAARDNKKNRIIPRHVLLAVRNDEELGKLLAGVTIAHGGVLPNINPVLLPKKTERSNTVSKEPKSPKPKAGKSPKKA
Tura	TRIUR3_11526-P1	MDASATGAGAKAKKGAAGRKAGGPRKKSVTRSVKAGLQFPVGRIGRYLKNGRYAKRVGTGAPVYLAAVLEYLAAELLELAGNAAKDNKKYRIVPRHLLLAVRNDQELGRLLAGVTIAHGGVLPNINPVLLPKKTAEKEPKSPKKAAKSPKKADKKA
Zmay	GRMZM2G130746_P02	MDAGAKVVKKAAAGRRGGGGPKKKPVSRSVKAGLQFPVGRIGRYLKQGRYSQRVGTGAPVYLAAVLEYLAAELLELAGNAARDNKKNRIIPRHVLLAIRNDEELGKLLAGVTIAHGGVLPNINPVLLPKKTAVAAAKEGKEKKSPKKAAAAKSPKKVAAS
Mtru	AES89204	MDASTKTTKKGAGGRKGGGPRKKSVTRSIRAGLQFPVGRIGRYLKKGRYAQRVGTGAPVYLAAVLEYLAAEVLELAGNAARDNKKNRIIPRHLLLAVRNDEELGKLLAGVTIAHGGVLPNINPILLPKKTERANTGGKEPKTTKAGKSPKKA
Tura	TRIUR3_06578-P1	MEASGVAAKGKKGAAGRKAGGPRKKSVTRSVKAGLQFPVGRIGRYLKKGRYAQRVGNGAPVYLAAKDIKRSRITPRHLLLAVRNDEELGKLLAGVTIAHGGVIPKINPVLLPKRTAEKEGKEPKSPKKATKSPKKATKA
Atau	EMT27732	MDVSGTGAGAKGKKGAAGRKAGGPRKKSVTRSVKAGLQFPVGRIGRYLKKGRYAQRVGTGAPVYLAAVLEYLAAELLELAGNAAKDNKKSRIIPRHLLLAVRNDEELGKLLAGVTIAHGGVIPKINPVLLPKRTAEKEGKEPKKTTKSPKKATKA
Taes	Traes_4DL_42DA368D9.1	LKKGRYAQRVGTGAPVYLAAVLEYLAAELLELAGNAAKDNKKSRIIPRHLLLAVRNDEELGKLLAGVTIAHGGVIPKINPVLLPKRTAEKEGKEPKKTTKSPKKNVRNLSDLPKYCVVSDSDLPKYCAVSDSL
Slyc	Solyc09g010400.2.1	MEKKGAGGRKGGGPKKKAVTRSVKAGLQFPVGRIGRYLKKGRYSERVGSGAPVYLAAVLEYLAAEVLELAGNAARDNKKNRIIPRHVLLAVRNDEELGKLLSGVTIAHGGVLPNINPILLPKKSDKVGKEPAKSPSKATKSPRKA
Taes	Traes_5BL_877AD3678.2	MDASAAGAISKAKKYVVGRKLGGGPRKKAVARSVKAGLQFPVGRIGRFLKKGRYAQRVGMGAPVYLASVLEYLAAELLELAGNAAKDNKKSRIIPRHLLLAIRNDQELGKLLAGVTIAHGGVLPNINPVLLPKKTAEKEPKSPKKATSSPKKLREKESQKSL
Opun	OPUNC01G44610.1	MDGGGGKVKKAAAGRKAGGPRKKSVTRSVKAGLQFPVGRIGRYLKKGRYAQRVGSGAPVYLAAVLEYLAAEVLELAGNAARDNKKTRIIPRHVLLAIRNDEELGKLLSGVTIAHGGVLPNINPVLLPKRAAEKADKEAKSPKKKAAAAADTCFPWLMEVPYLANVFAWFVWTSSNNVEIVGLDSSVCLSYDTNETALKDAFSLHGHIIQVKVICHPVTGKSKGYGFVKFASQDEAAAALHNMRGEVIDGRSIRVHYANSG
Oniv	ONIVA01G18570.1	MDAAGAGAGGKLKKGAAGRKAGGPRKKAVSRSVKAGLQFPVGRIGRYLKKGRYAQRIGTGAPVYLAAVLEYLAAEVLELAGNAARDNKKNRIIPRHVLLAIRNDEELGKLLAGVTIAHGGVLPNINPVLLPKKTAEKAAAAGKEAKSPKKAAGKSPKKA
Atau	EMT13611	MAGWKGQRKKAVTRSVKAGLQFPVGRIGRYLKQGRYAQRIGSGAPVYLAAVLEYLAAEVLELAGNAAVDNKKTRIIPRHLLLAIRNDEEIGKLLAGVTIAHGGVLPNINPVLLPKKTAEKADKETKSTKTTKKKKATAKSPKKAAEETTATEETATA
Bdis	BRADI2G37327.1	MDGAGGKAKKGAVGKKLGGPRKKSVTRSVKAGLQFPVGRIGRFLKKGRYAQRVGSGAPVYLAAVLEYLAAEVLELAGNAARDNKKTRIIPRHVLLAIRNDEELGRLLGGVTIAHGGVLPNINPLLLPKKAAEKAGTEKVAAKSPKKPAGKSPKKAAAKA
Taes	Traes_2AL_947B9F28E.1	MDASKLKKVAGKKFGGPRKKSVTRSVKAGLQFPVGRIGRFLKKGRYAQRVGSGAPVYLAAVLEYLAAEVLELAGNAAKDNKKTRIVPRHLLLAIRNDQELGRLLSGVTIAHGGVVLLPKKTAEKAEKTAAKSPKKATKSPKKATKA
Taes	Traes_5BL_63EB80862.1	MDASATGAVSKVKKYVVGRKLGGGPRKKAVARSVKAGLQFPVGRIGRFLKKGRYAQRVGMGAPVYLASVLEYLAAELLELAGNAAKDNKKSRIIPRHLLPAIRNDQELGKLLAGVTIAHGGVLPNINPVLLPKKTAEKEPKSPKKAAKSPKKA
Taes	Traes_6AS_6DE9185A5.2	MDASATITTGKTKKGAAGCKAGGPRRKSVSRSVKAGLQFPVSRIGRYLKKGRYAQRVGTGAPVYLASVLEYLAAELLELAGNAAKDNKKSRIIIPRHLLLAVRNDEELGKLLAGVTIAHGGVVPKINPVLLPKKMVEKATKEPKSPKKTAKSPKKA
Oind	BGIOSGA019051-PA	MDVGVGGKAAKKAVGRKLGGPKKKPVSRSVKAGLQFPVGRIGRYLKKGRYAQRVGTGAPVYLAAVLELAGNAARDNKKNRIIPRHVLLAIRNDEELGKLLAGVTIAHGGVLPNINPVLLPKKTAEKADKPAKASKDKAAKSPKKQARS
Taes	Traes_7DL_98EC3AE06.1	MDVSGTGAGAKAKKGAAGRKAGGPRKKSVTRSVKAGLQFPVGRIGRYLKNGRYAKRVGTGAPVYLAAVLEYLAAELLELAGNAAKDNKKSRIVPRHLLLAVRNDQELGRLLAGVTIAHGGVLPNINPVLLPKKTAEKEPKEGKSPKKTAKSPKKADKKICAAKRKKS
Atha	AT5G59870.1	MESTGKVKKAFGGRKPPGAPKTKSVSKSMKAGLQFPVGRITRFLKKGRYAQRLGGGAPVYMAAVLEYLAAEVLELAGNAARDNKKSRIIPRHLLLAIRNDEELGKLLSGVTIAHGGVLPNINSVLLPKKSATKPAEEKATKSPVKSPKKA
Macu	GSMUA_Achr10P02580_001	MDAGGGGGKVKRGAAGRKGGGPRKKPVSRSVKAGLQFPVGRIGRYLKKGRYAQRVGTGAPVYLAAVLELAGNAARDNKKNRIIPRHVLLAIRNDEELGKLLAGVTIAHGGVLPNINPVLLPKKSNNAAKEPKSPSKATKSPKKA
Zmay	GRMZM2G047813_P01	MDATGTGAGGKAKKGAAGRKAGGPRKKSVTRSVKAGLQFPVGRIGRYLKKGRYAQRVGSGAPVYLAAVLEYLAAEVLELAGNAAKDNKKTRIVPRHVLLAIRNDEELGKLLTGVTIAHGGVLPNINPVLLPKKTAEKASSGGSKEAKSPKKAAKSPKKA
Osat	OS05T0113900-01	MDVGVGGKAAKKAVGRKLGGPKKKPVSRSVKAGLQFPVGRIGRYLKKGRYAQRVGTGAPVYLAAVLEYLAAEVLELAGNAARDNKKNRIIPRHVLLAIRNDEELGKLLAGVTIAHGGVLPNINPVLLPKKTAEKADKPAKASKDKAAKSPKKQARS
Taes	Traes_6AS_8B3190A99.2	MDASATVATGKGKKGAAGRKAGGPRKKSVSRSVKAGLQFPVSRIGRFLKKGRYAQRVGSGAPVYLAAVLEYLAAELLELAGNAAKDNKKSRIIPRHLLLAVRNDQELGRLLAGVTIAHGGVIPNINPVLLPKKTAEKSPKEPKSPKKTAKSPKKASKQSVLVVSLYLL
Sbic	Sb01g039250.1	MDSTGAGAGGKVKKGAGGRKAGGGPRKKSVSRSVKAGLQFPVGRIGRYLKKGRYAQRVGTGAPVYLAAVLEYLAAEVLELAGNAARDNKKTRIIPRHVLLAIRNDEELGKLLSGVTIAHGGVLPNINPVLLPKKTAEKASSGGSKEPKSPKKAAKSPKKA
Atau	EMT12331	MDASATGAVSKVKKYVVGRKLGGGPRKKAVARSVKAGLQFPVGRIGRFVKKGRYAQRVGMGAPVYLASVLEYLAPERLELAGKAAKDNKKSRIIPRHLLLAIRNDQELGKLLAGVTIAHGGVLPNINPVLLPKKTAEKEPKSPKKAAKSPKKA
Tura	TRIUR3_27294-P1	MPSSPVLELAGNAAKDNKKTRIVPRHLLLAIRNDQELGKLLAGVTIAHGGVLPNINPVLLPKKTAEKEPKSPKKAAKSPKKA
Atau	EMT13903	MDGSKANEGGGEEVRRAEEEVGDQVHQGRAPVPRRPHRALPQEGRYAQRVGSGAPVYLRRRPRVLELAGNAAKDNKKTRIVPRHLLLAIRNDQELGRLLSGVTIAHGGVIPNINPVLLPKKAAEKAEKAGAAPKSPKKTTKSPKKATKA
Taes	Traes_6AS_32423383C.1	MAGRKGGDRKKAVTRSVKAGLQFPVGRIGRYLKKGRYAQRVGSGAPVYLAAVLEYLAAEVLELAGNAAKDNKKTRIIPRHLLLAVRNDQELGKLLAGVTIAHGGVIPNINSVLLPKKSPAAAEKEAKSPKKKTAAKSPKKKTAATKE
Tura	TRIUR3_34479-P1	MAGRKGVARKKAVTRSVRAGLQFPVGRIGRYLKKGRYAQRVGSGAPVYLATVLEYLAAEVLELAGDAAKETKKARIIPRHLMIAVQGDPELSRLLAGVTIAYGGVRTGLPAGVPIAYGGVVPYINSALLPKNGAGAAGKEPKKKAAATKSPKKAAATN
